Type,Name,Request Count,Failure Count,Median Response Time,Average Response Time,Min Response Time,Max Response Time,Average Content Size,Requests/s,Failures/s,50%,66%,75%,80%,90%,95%,98%,99%,99.9%,99.99%,100%
GET,/,722,0,9400.0,9479.72171862049,264.44013200011796,27368.19606799986,76905.0,5.596747406764199,0.0,9400,10000,12000,13000,16000,22000,25000,26000,27000,27000,27000
GET,/post-detail,2280,0,9100.0,9044.043008800872,259.7169699999995,27295.65631200012,86441.65175438597,17.673939179255363,0.0,9100,9900,11000,12000,16000,21000,25000,26000,27000,27000,27000
,Aggregated,3002,0,9200.0,9148.826495972704,259.7169699999995,27368.19606799986,84148.02664890073,23.27068658601956,0.0,9200,10000,11000,13000,16000,22000,25000,26000,27000,27000,27000
